<fixedBills>
  <fixedBill>
    <id>2</id>
    <totalPrice>235</totalPrice>
    <items>
      <item>
        <id>1</id>
        <name>ayam</name>
        <category>ayam</category>
        <price>112</price>
        <imageUrl></imageUrl>
        <stock>1</stock>
      </item>
      <item>
        <id>2</id>
        <name>bebek</name>
        <category>bebek</category>
        <price>123</price>
        <imageUrl></imageUrl>
        <stock>1</stock>
      </item>
    </items>
    <idCustomer>1</idCustomer>
    <date>08-05-2023</date>
  </fixedBill>
</fixedBills>